{"cameraMode":{"drawMode":0,"name":"Shaded","section":"Shading Mode"},"sceneLighting":false,"audioPlay":false,"sceneViewState":{"showFog":true,"showMaterialUpdate":false,"showSkybox":true,"showFlares":true,"showImageEffects":true,"showParticleSystems":true},"in2DMode":false,"pivot":{"x":0.030000001192092897,"y":1.2949999570846558,"z":0.0},"rotation":{"x":0.006510351784527302,"y":0.9910239577293396,"z":-0.12282567471265793,"w":0.05237434804439545},"size":4.903499126434326,"orthographic":false}