{"cameraMode":{"drawMode":0,"name":"Shaded","section":"Shading Mode"},"sceneLighting":false,"audioPlay":false,"sceneViewState":{"showFog":true,"showMaterialUpdate":false,"showSkybox":true,"showFlares":true,"showImageEffects":true,"showParticleSystems":true},"in2DMode":false,"pivot":{"x":-0.035000741481781009,"y":1.57693350315094,"z":0.05123838782310486},"rotation":{"x":-0.11833936721086502,"y":0.11325502395629883,"z":-0.013588100671768189,"w":-0.98639976978302},"size":6.7325215339660648,"orthographic":false}